Rainfall_MM;Year;Statistics;Country;ISO3;
40.3495;1901;Jan;Average;Belgium;BEL
32.2644;1901;Feb;Average;Belgium;BEL
68.7418;1901;Mar;Average;Belgium;BEL
65.6921;1901;Apr;Average;Belgium;BEL
30.4496;1901;May;Average;Belgium;BEL
57.9736;1901;Jun;Average;Belgium;BEL
45.5922;1901;Jul;Average;Belgium;BEL
57.9958;1901;Aug;Average;Belgium;BEL
81.6926;1901;Sep;Average;Belgium;BEL
87.9293;1901;Oct;Average;Belgium;BEL
40.7671;1901;Nov;Average;Belgium;BEL
74.4947;1901;Dec;Average;Belgium;BEL
46.9536;1902;Jan;Average;Belgium;BEL
41.6082;1902;Feb;Average;Belgium;BEL
47.2676;1902;Mar;Average;Belgium;BEL
45.149;1902;Apr;Average;Belgium;BEL
84.38;1902;May;Average;Belgium;BEL
59.151;1902;Jun;Average;Belgium;BEL
58.5176;1902;Jul;Average;Belgium;BEL
99.2138;1902;Aug;Average;Belgium;BEL
61.1146;1902;Sep;Average;Belgium;BEL
60.51;1902;Oct;Average;Belgium;BEL
33.1273;1902;Nov;Average;Belgium;BEL
78.9106;1902;Dec;Average;Belgium;BEL
62.2603;1903;Jan;Average;Belgium;BEL
38.5551;1903;Feb;Average;Belgium;BEL
62.8824;1903;Mar;Average;Belgium;BEL
112.09;1903;Apr;Average;Belgium;BEL
45.6176;1903;May;Average;Belgium;BEL
55.7254;1903;Jun;Average;Belgium;BEL
104.049;1903;Jul;Average;Belgium;BEL
82.3573;1903;Aug;Average;Belgium;BEL
78.1177;1903;Sep;Average;Belgium;BEL
118.554;1903;Oct;Average;Belgium;BEL
77.7098;1903;Nov;Average;Belgium;BEL
28.936;1903;Dec;Average;Belgium;BEL
54.6242;1904;Jan;Average;Belgium;BEL
83.0675;1904;Feb;Average;Belgium;BEL
56.5978;1904;Mar;Average;Belgium;BEL
23.2931;1904;Apr;Average;Belgium;BEL
50.8342;1904;May;Average;Belgium;BEL
49.1401;1904;Jun;Average;Belgium;BEL
38.1593;1904;Jul;Average;Belgium;BEL
43.7483;1904;Aug;Average;Belgium;BEL
53.864;1904;Sep;Average;Belgium;BEL
53.7021;1904;Oct;Average;Belgium;BEL
66.9126;1904;Nov;Average;Belgium;BEL
84.5207;1904;Dec;Average;Belgium;BEL
42.9485;1905;Jan;Average;Belgium;BEL
35.3186;1905;Feb;Average;Belgium;BEL
95.0452;1905;Mar;Average;Belgium;BEL
46.6864;1905;Apr;Average;Belgium;BEL
56.0817;1905;May;Average;Belgium;BEL
92.0319;1905;Jun;Average;Belgium;BEL
71.5227;1905;Jul;Average;Belgium;BEL
96.0316;1905;Aug;Average;Belgium;BEL
80.8815;1905;Sep;Average;Belgium;BEL
94.1022;1905;Oct;Average;Belgium;BEL
81.1975;1905;Nov;Average;Belgium;BEL
32.6277;1905;Dec;Average;Belgium;BEL
107.487;1906;Jan;Average;Belgium;BEL
64.7722;1906;Feb;Average;Belgium;BEL
78.1197;1906;Mar;Average;Belgium;BEL
34.7374;1906;Apr;Average;Belgium;BEL
91.8369;1906;May;Average;Belgium;BEL
46.6758;1906;Jun;Average;Belgium;BEL
60.3853;1906;Jul;Average;Belgium;BEL
60.7129;1906;Aug;Average;Belgium;BEL
35.7109;1906;Sep;Average;Belgium;BEL
70.0518;1906;Oct;Average;Belgium;BEL
85.7015;1906;Nov;Average;Belgium;BEL
72.5731;1906;Dec;Average;Belgium;BEL
47.1082;1907;Jan;Average;Belgium;BEL
34.7046;1907;Feb;Average;Belgium;BEL
45.9304;1907;Mar;Average;Belgium;BEL
55.1815;1907;Apr;Average;Belgium;BEL
65.3237;1907;May;Average;Belgium;BEL
73.8221;1907;Jun;Average;Belgium;BEL
65.3963;1907;Jul;Average;Belgium;BEL
55.7131;1907;Aug;Average;Belgium;BEL
28.7497;1907;Sep;Average;Belgium;BEL
80.3768;1907;Oct;Average;Belgium;BEL
45.5047;1907;Nov;Average;Belgium;BEL
68.3728;1907;Dec;Average;Belgium;BEL
42.0403;1908;Jan;Average;Belgium;BEL
77.3562;1908;Feb;Average;Belgium;BEL
53.3709;1908;Mar;Average;Belgium;BEL
51.5985;1908;Apr;Average;Belgium;BEL
69.9455;1908;May;Average;Belgium;BEL
55.5203;1908;Jun;Average;Belgium;BEL
88.4711;1908;Jul;Average;Belgium;BEL
97.9898;1908;Aug;Average;Belgium;BEL
51.0877;1908;Sep;Average;Belgium;BEL
8.98916;1908;Oct;Average;Belgium;BEL
68.6642;1908;Nov;Average;Belgium;BEL
39.1377;1908;Dec;Average;Belgium;BEL
42.0735;1909;Jan;Average;Belgium;BEL
32.5406;1909;Feb;Average;Belgium;BEL
74.4297;1909;Mar;Average;Belgium;BEL
59.8586;1909;Apr;Average;Belgium;BEL
36.0113;1909;May;Average;Belgium;BEL
78.9299;1909;Jun;Average;Belgium;BEL
119.257;1909;Jul;Average;Belgium;BEL
67.2276;1909;Aug;Average;Belgium;BEL
69.8111;1909;Sep;Average;Belgium;BEL
90.8445;1909;Oct;Average;Belgium;BEL
44.0104;1909;Nov;Average;Belgium;BEL
118.218;1909;Dec;Average;Belgium;BEL
86.1172;1910;Jan;Average;Belgium;BEL
109.007;1910;Feb;Average;Belgium;BEL
30.0966;1910;Mar;Average;Belgium;BEL
52.9055;1910;Apr;Average;Belgium;BEL
73.8385;1910;May;Average;Belgium;BEL
95.2568;1910;Jun;Average;Belgium;BEL
133.452;1910;Jul;Average;Belgium;BEL
47.7941;1910;Aug;Average;Belgium;BEL
86.7767;1910;Sep;Average;Belgium;BEL
44.3887;1910;Oct;Average;Belgium;BEL
139.089;1910;Nov;Average;Belgium;BEL
79.2209;1910;Dec;Average;Belgium;BEL
33.4065;1911;Jan;Average;Belgium;BEL
47.2509;1911;Feb;Average;Belgium;BEL
71.4572;1911;Mar;Average;Belgium;BEL
37.8991;1911;Apr;Average;Belgium;BEL
42.2667;1911;May;Average;Belgium;BEL
77.966;1911;Jun;Average;Belgium;BEL
22.1371;1911;Jul;Average;Belgium;BEL
19.3106;1911;Aug;Average;Belgium;BEL
54.1859;1911;Sep;Average;Belgium;BEL
92.0138;1911;Oct;Average;Belgium;BEL
89.1621;1911;Nov;Average;Belgium;BEL
104.736;1911;Dec;Average;Belgium;BEL
65.5377;1912;Jan;Average;Belgium;BEL
52.2208;1912;Feb;Average;Belgium;BEL
92.0017;1912;Mar;Average;Belgium;BEL
21.5622;1912;Apr;Average;Belgium;BEL
43.1146;1912;May;Average;Belgium;BEL
78.0151;1912;Jun;Average;Belgium;BEL
51.006;1912;Jul;Average;Belgium;BEL
147.322;1912;Aug;Average;Belgium;BEL
82.1487;1912;Sep;Average;Belgium;BEL
86.9256;1912;Oct;Average;Belgium;BEL
84.4758;1912;Nov;Average;Belgium;BEL
74.0742;1912;Dec;Average;Belgium;BEL
87.1739;1913;Jan;Average;Belgium;BEL
29.7952;1913;Feb;Average;Belgium;BEL
71.8881;1913;Mar;Average;Belgium;BEL
58.9982;1913;Apr;Average;Belgium;BEL
78.8173;1913;May;Average;Belgium;BEL
82.7948;1913;Jun;Average;Belgium;BEL
84.5069;1913;Jul;Average;Belgium;BEL
40.7571;1913;Aug;Average;Belgium;BEL
61.3218;1913;Sep;Average;Belgium;BEL
57.9758;1913;Oct;Average;Belgium;BEL
79.1615;1913;Nov;Average;Belgium;BEL
71.6292;1913;Dec;Average;Belgium;BEL
73.2317;1914;Jan;Average;Belgium;BEL
49.4045;1914;Feb;Average;Belgium;BEL
138.052;1914;Mar;Average;Belgium;BEL
46.7821;1914;Apr;Average;Belgium;BEL
62.3894;1914;May;Average;Belgium;BEL
81.3468;1914;Jun;Average;Belgium;BEL
74.0646;1914;Jul;Average;Belgium;BEL
67.6634;1914;Aug;Average;Belgium;BEL
81.8466;1914;Sep;Average;Belgium;BEL
38.5964;1914;Oct;Average;Belgium;BEL
56.8459;1914;Nov;Average;Belgium;BEL
108.063;1914;Dec;Average;Belgium;BEL
118.537;1915;Jan;Average;Belgium;BEL
64.9018;1915;Feb;Average;Belgium;BEL
42.237;1915;Mar;Average;Belgium;BEL
57.6853;1915;Apr;Average;Belgium;BEL
53.6992;1915;May;Average;Belgium;BEL
48.4735;1915;Jun;Average;Belgium;BEL
89.7717;1915;Jul;Average;Belgium;BEL
100.961;1915;Aug;Average;Belgium;BEL
55.7399;1915;Sep;Average;Belgium;BEL
31.0499;1915;Oct;Average;Belgium;BEL
93.9489;1915;Nov;Average;Belgium;BEL
170.323;1915;Dec;Average;Belgium;BEL
68.2779;1916;Jan;Average;Belgium;BEL
87.0752;1916;Feb;Average;Belgium;BEL
62.6858;1916;Mar;Average;Belgium;BEL
82.1108;1916;Apr;Average;Belgium;BEL
68.6309;1916;May;Average;Belgium;BEL
101.789;1916;Jun;Average;Belgium;BEL
57.8956;1916;Jul;Average;Belgium;BEL
88.5252;1916;Aug;Average;Belgium;BEL
68.5781;1916;Sep;Average;Belgium;BEL
96.0963;1916;Oct;Average;Belgium;BEL
59.3024;1916;Nov;Average;Belgium;BEL
121.414;1916;Dec;Average;Belgium;BEL
63.4095;1917;Jan;Average;Belgium;BEL
16.3506;1917;Feb;Average;Belgium;BEL
64.5768;1917;Mar;Average;Belgium;BEL
62.6439;1917;Apr;Average;Belgium;BEL
51.8246;1917;May;Average;Belgium;BEL
100.964;1917;Jun;Average;Belgium;BEL
95.385;1917;Jul;Average;Belgium;BEL
98.0979;1917;Aug;Average;Belgium;BEL
21.8745;1917;Sep;Average;Belgium;BEL
133.633;1917;Oct;Average;Belgium;BEL
69.9097;1917;Nov;Average;Belgium;BEL
38.6872;1917;Dec;Average;Belgium;BEL
82.9666;1918;Jan;Average;Belgium;BEL
42.7817;1918;Feb;Average;Belgium;BEL
40.5994;1918;Mar;Average;Belgium;BEL
72.9395;1918;Apr;Average;Belgium;BEL
42.1546;1918;May;Average;Belgium;BEL
37.2072;1918;Jun;Average;Belgium;BEL
98.0051;1918;Jul;Average;Belgium;BEL
79.3672;1918;Aug;Average;Belgium;BEL
125.659;1918;Sep;Average;Belgium;BEL
64.8421;1918;Oct;Average;Belgium;BEL
53.0649;1918;Nov;Average;Belgium;BEL
117.078;1918;Dec;Average;Belgium;BEL
62.9894;1919;Jan;Average;Belgium;BEL
62.4982;1919;Feb;Average;Belgium;BEL
84.0084;1919;Mar;Average;Belgium;BEL
77.8917;1919;Apr;Average;Belgium;BEL
21.8926;1919;May;Average;Belgium;BEL
39.0512;1919;Jun;Average;Belgium;BEL
106.461;1919;Jul;Average;Belgium;BEL
39.9795;1919;Aug;Average;Belgium;BEL
61.0141;1919;Sep;Average;Belgium;BEL
55.8167;1919;Oct;Average;Belgium;BEL
108.355;1919;Nov;Average;Belgium;BEL
161.043;1919;Dec;Average;Belgium;BEL
131.348;1920;Jan;Average;Belgium;BEL
31.0449;1920;Feb;Average;Belgium;BEL
31.1359;1920;Mar;Average;Belgium;BEL
94.4293;1920;Apr;Average;Belgium;BEL
65.654;1920;May;Average;Belgium;BEL
45.392;1920;Jun;Average;Belgium;BEL
102.904;1920;Jul;Average;Belgium;BEL
59.198;1920;Aug;Average;Belgium;BEL
61.4014;1920;Sep;Average;Belgium;BEL
28.9595;1920;Oct;Average;Belgium;BEL
24.3878;1920;Nov;Average;Belgium;BEL
60.2233;1920;Dec;Average;Belgium;BEL
81.1438;1921;Jan;Average;Belgium;BEL
12.3671;1921;Feb;Average;Belgium;BEL
31.7024;1921;Mar;Average;Belgium;BEL
30.0279;1921;Apr;Average;Belgium;BEL
29.9467;1921;May;Average;Belgium;BEL
39.0922;1921;Jun;Average;Belgium;BEL
6.56519;1921;Jul;Average;Belgium;BEL
46.0285;1921;Aug;Average;Belgium;BEL
27.102;1921;Sep;Average;Belgium;BEL
22.2325;1921;Oct;Average;Belgium;BEL
52.5045;1921;Nov;Average;Belgium;BEL
57.6735;1921;Dec;Average;Belgium;BEL
98.8197;1922;Jan;Average;Belgium;BEL
63.6507;1922;Feb;Average;Belgium;BEL
61.5644;1922;Mar;Average;Belgium;BEL
92.4831;1922;Apr;Average;Belgium;BEL
19.9971;1922;May;Average;Belgium;BEL
57.741;1922;Jun;Average;Belgium;BEL
89.5825;1922;Jul;Average;Belgium;BEL
85.5302;1922;Aug;Average;Belgium;BEL
94.3409;1922;Sep;Average;Belgium;BEL
48.2412;1922;Oct;Average;Belgium;BEL
88.6503;1922;Nov;Average;Belgium;BEL
90.6941;1922;Dec;Average;Belgium;BEL
63.3545;1923;Jan;Average;Belgium;BEL
80.4275;1923;Feb;Average;Belgium;BEL
52.0504;1923;Mar;Average;Belgium;BEL
37.2685;1923;Apr;Average;Belgium;BEL
114.218;1923;May;Average;Belgium;BEL
55.8094;1923;Jun;Average;Belgium;BEL
62.8072;1923;Jul;Average;Belgium;BEL
63.7795;1923;Aug;Average;Belgium;BEL
68.0129;1923;Sep;Average;Belgium;BEL
168.905;1923;Oct;Average;Belgium;BEL
68.9487;1923;Nov;Average;Belgium;BEL
92.1752;1923;Dec;Average;Belgium;BEL
48.5762;1924;Jan;Average;Belgium;BEL
40.2745;1924;Feb;Average;Belgium;BEL
49.0194;1924;Mar;Average;Belgium;BEL
80.3107;1924;Apr;Average;Belgium;BEL
80.9826;1924;May;Average;Belgium;BEL
50.4524;1924;Jun;Average;Belgium;BEL
90.3584;1924;Jul;Average;Belgium;BEL
136.811;1924;Aug;Average;Belgium;BEL
73.4686;1924;Sep;Average;Belgium;BEL
107.232;1924;Oct;Average;Belgium;BEL
50.3256;1924;Nov;Average;Belgium;BEL
50.8848;1924;Dec;Average;Belgium;BEL
98.9833;1925;Jan;Average;Belgium;BEL
63.834;1925;Feb;Average;Belgium;BEL
57.9566;1925;Mar;Average;Belgium;BEL
59.9793;1925;Apr;Average;Belgium;BEL
73.8756;1925;May;Average;Belgium;BEL
44.2289;1925;Jun;Average;Belgium;BEL
94.693;1925;Jul;Average;Belgium;BEL
99.0668;1925;Aug;Average;Belgium;BEL
104.674;1925;Sep;Average;Belgium;BEL
78.2691;1925;Oct;Average;Belgium;BEL
99.2272;1925;Nov;Average;Belgium;BEL
148.294;1925;Dec;Average;Belgium;BEL
65.0161;1926;Jan;Average;Belgium;BEL
77.4861;1926;Feb;Average;Belgium;BEL
37.2572;1926;Mar;Average;Belgium;BEL
36.0758;1926;Apr;Average;Belgium;BEL
94.72;1926;May;Average;Belgium;BEL
69.5321;1926;Jun;Average;Belgium;BEL
97.0224;1926;Jul;Average;Belgium;BEL
73.1977;1926;Aug;Average;Belgium;BEL
44.1743;1926;Sep;Average;Belgium;BEL
150.878;1926;Oct;Average;Belgium;BEL
70.907;1926;Nov;Average;Belgium;BEL
47.1607;1926;Dec;Average;Belgium;BEL
66.0752;1927;Jan;Average;Belgium;BEL
57.0336;1927;Feb;Average;Belgium;BEL
64.7192;1927;Mar;Average;Belgium;BEL
64.2677;1927;Apr;Average;Belgium;BEL
37.0798;1927;May;Average;Belgium;BEL
101.609;1927;Jun;Average;Belgium;BEL
89.9345;1927;Jul;Average;Belgium;BEL
112.489;1927;Aug;Average;Belgium;BEL
89.8878;1927;Sep;Average;Belgium;BEL
27.465;1927;Oct;Average;Belgium;BEL
73.7837;1927;Nov;Average;Belgium;BEL
70.2929;1927;Dec;Average;Belgium;BEL
82.4181;1928;Jan;Average;Belgium;BEL
65.3957;1928;Feb;Average;Belgium;BEL
30.1232;1928;Mar;Average;Belgium;BEL
86.7662;1928;Apr;Average;Belgium;BEL
55.3629;1928;May;Average;Belgium;BEL
71.6692;1928;Jun;Average;Belgium;BEL
43.9556;1928;Jul;Average;Belgium;BEL
76.0795;1928;Aug;Average;Belgium;BEL
33.0895;1928;Sep;Average;Belgium;BEL
106.048;1928;Oct;Average;Belgium;BEL
126.98;1928;Nov;Average;Belgium;BEL
75.3885;1928;Dec;Average;Belgium;BEL
26.7653;1929;Jan;Average;Belgium;BEL
18.8412;1929;Feb;Average;Belgium;BEL
5.34287;1929;Mar;Average;Belgium;BEL
53.9101;1929;Apr;Average;Belgium;BEL
26.3329;1929;May;Average;Belgium;BEL
66.6215;1929;Jun;Average;Belgium;BEL
67.078;1929;Jul;Average;Belgium;BEL
34.3041;1929;Aug;Average;Belgium;BEL
34.5537;1929;Sep;Average;Belgium;BEL
137.374;1929;Oct;Average;Belgium;BEL
87.9318;1929;Nov;Average;Belgium;BEL
121.874;1929;Dec;Average;Belgium;BEL
48.5486;1930;Jan;Average;Belgium;BEL
23.2247;1930;Feb;Average;Belgium;BEL
43.7363;1930;Mar;Average;Belgium;BEL
48.6977;1930;Apr;Average;Belgium;BEL
101.584;1930;May;Average;Belgium;BEL
48.4645;1930;Jun;Average;Belgium;BEL
170.716;1930;Jul;Average;Belgium;BEL
90.3177;1930;Aug;Average;Belgium;BEL
110.666;1930;Sep;Average;Belgium;BEL
93.8536;1930;Oct;Average;Belgium;BEL
145.242;1930;Nov;Average;Belgium;BEL
52.9968;1930;Dec;Average;Belgium;BEL
122.11;1931;Jan;Average;Belgium;BEL
77.6718;1931;Feb;Average;Belgium;BEL
15.1915;1931;Mar;Average;Belgium;BEL
79.8012;1931;Apr;Average;Belgium;BEL
63.3187;1931;May;Average;Belgium;BEL
48.5571;1931;Jun;Average;Belgium;BEL
102.551;1931;Jul;Average;Belgium;BEL
142.147;1931;Aug;Average;Belgium;BEL
55.0483;1931;Sep;Average;Belgium;BEL
52.5255;1931;Oct;Average;Belgium;BEL
42.7752;1931;Nov;Average;Belgium;BEL
50.572;1931;Dec;Average;Belgium;BEL
50.9828;1932;Jan;Average;Belgium;BEL
14.5973;1932;Feb;Average;Belgium;BEL
46.1037;1932;Mar;Average;Belgium;BEL
88.9123;1932;Apr;Average;Belgium;BEL
59.3542;1932;May;Average;Belgium;BEL
42.0445;1932;Jun;Average;Belgium;BEL
100.388;1932;Jul;Average;Belgium;BEL
46.9822;1932;Aug;Average;Belgium;BEL
118.579;1932;Sep;Average;Belgium;BEL
198.16;1932;Oct;Average;Belgium;BEL
45.2574;1932;Nov;Average;Belgium;BEL
20.4713;1932;Dec;Average;Belgium;BEL
28.1007;1933;Jan;Average;Belgium;BEL
49.3805;1933;Feb;Average;Belgium;BEL
41.9423;1933;Mar;Average;Belgium;BEL
15.6086;1933;Apr;Average;Belgium;BEL
94.1423;1933;May;Average;Belgium;BEL
89.2906;1933;Jun;Average;Belgium;BEL
58.3848;1933;Jul;Average;Belgium;BEL
60.0124;1933;Aug;Average;Belgium;BEL
61.9092;1933;Sep;Average;Belgium;BEL
83.5309;1933;Oct;Average;Belgium;BEL
50.322;1933;Nov;Average;Belgium;BEL
8.16024;1933;Dec;Average;Belgium;BEL
70.6461;1934;Jan;Average;Belgium;BEL
10.4882;1934;Feb;Average;Belgium;BEL
62.2395;1934;Mar;Average;Belgium;BEL
58.2497;1934;Apr;Average;Belgium;BEL
33.3806;1934;May;Average;Belgium;BEL
75.0808;1934;Jun;Average;Belgium;BEL
32.3553;1934;Jul;Average;Belgium;BEL
55.7372;1934;Aug;Average;Belgium;BEL
48.4121;1934;Sep;Average;Belgium;BEL
101.501;1934;Oct;Average;Belgium;BEL
43.7536;1934;Nov;Average;Belgium;BEL
124.19;1934;Dec;Average;Belgium;BEL
73.3979;1935;Jan;Average;Belgium;BEL
93.7255;1935;Feb;Average;Belgium;BEL
24.5232;1935;Mar;Average;Belgium;BEL
111.295;1935;Apr;Average;Belgium;BEL
50.5286;1935;May;Average;Belgium;BEL
111.529;1935;Jun;Average;Belgium;BEL
15.4747;1935;Jul;Average;Belgium;BEL
69.9165;1935;Aug;Average;Belgium;BEL
118.129;1935;Sep;Average;Belgium;BEL
89.6597;1935;Oct;Average;Belgium;BEL
66.2711;1935;Nov;Average;Belgium;BEL
80.1933;1935;Dec;Average;Belgium;BEL
109.105;1936;Jan;Average;Belgium;BEL
47.3857;1936;Feb;Average;Belgium;BEL
22.5173;1936;Mar;Average;Belgium;BEL
76.4075;1936;Apr;Average;Belgium;BEL
15.1418;1936;May;Average;Belgium;BEL
83.2945;1936;Jun;Average;Belgium;BEL
138.672;1936;Jul;Average;Belgium;BEL
43.6957;1936;Aug;Average;Belgium;BEL
83.4448;1936;Sep;Average;Belgium;BEL
81.7461;1936;Oct;Average;Belgium;BEL
77.808;1936;Nov;Average;Belgium;BEL
52.1155;1936;Dec;Average;Belgium;BEL
115.855;1937;Jan;Average;Belgium;BEL
126.029;1937;Feb;Average;Belgium;BEL
88.3334;1937;Mar;Average;Belgium;BEL
105.117;1937;Apr;Average;Belgium;BEL
75.5621;1937;May;Average;Belgium;BEL
51.0799;1937;Jun;Average;Belgium;BEL
50.8471;1937;Jul;Average;Belgium;BEL
56.4202;1937;Aug;Average;Belgium;BEL
87.0463;1937;Sep;Average;Belgium;BEL
36.294;1937;Oct;Average;Belgium;BEL
36.095;1937;Nov;Average;Belgium;BEL
78.0597;1937;Dec;Average;Belgium;BEL
141.654;1938;Jan;Average;Belgium;BEL
43.1498;1938;Feb;Average;Belgium;BEL
25.5109;1938;Mar;Average;Belgium;BEL
27.0146;1938;Apr;Average;Belgium;BEL
64.8267;1938;May;Average;Belgium;BEL
29.3895;1938;Jun;Average;Belgium;BEL
70.5932;1938;Jul;Average;Belgium;BEL
98.6984;1938;Aug;Average;Belgium;BEL
45.0989;1938;Sep;Average;Belgium;BEL
88.5866;1938;Oct;Average;Belgium;BEL
87.4029;1938;Nov;Average;Belgium;BEL
65.1951;1938;Dec;Average;Belgium;BEL
113.287;1939;Jan;Average;Belgium;BEL
41.0908;1939;Feb;Average;Belgium;BEL
85.7813;1939;Mar;Average;Belgium;BEL
70.9218;1939;Apr;Average;Belgium;BEL
40.9336;1939;May;Average;Belgium;BEL
52.4499;1939;Jun;Average;Belgium;BEL
84.1406;1939;Jul;Average;Belgium;BEL
78.9672;1939;Aug;Average;Belgium;BEL
63.5712;1939;Sep;Average;Belgium;BEL
154.385;1939;Oct;Average;Belgium;BEL
165.849;1939;Nov;Average;Belgium;BEL
41.2849;1939;Dec;Average;Belgium;BEL
40.4461;1940;Jan;Average;Belgium;BEL
48.0017;1940;Feb;Average;Belgium;BEL
92.2643;1940;Mar;Average;Belgium;BEL
78.302;1940;Apr;Average;Belgium;BEL
30.0927;1940;May;Average;Belgium;BEL
61.787;1940;Jun;Average;Belgium;BEL
98.162;1940;Jul;Average;Belgium;BEL
52.495;1940;Aug;Average;Belgium;BEL
89.624;1940;Sep;Average;Belgium;BEL
34.5673;1940;Oct;Average;Belgium;BEL
152.146;1940;Nov;Average;Belgium;BEL
102.924;1940;Dec;Average;Belgium;BEL
51.6657;1941;Jan;Average;Belgium;BEL
55.4216;1941;Feb;Average;Belgium;BEL
88.3831;1941;Mar;Average;Belgium;BEL
30.1396;1941;Apr;Average;Belgium;BEL
49.505;1941;May;Average;Belgium;BEL
70.5389;1941;Jun;Average;Belgium;BEL
70.7392;1941;Jul;Average;Belgium;BEL
133.63;1941;Aug;Average;Belgium;BEL
25.698;1941;Sep;Average;Belgium;BEL
125.412;1941;Oct;Average;Belgium;BEL
34.7746;1941;Nov;Average;Belgium;BEL
77.6771;1941;Dec;Average;Belgium;BEL
63.2695;1942;Jan;Average;Belgium;BEL
32.3974;1942;Feb;Average;Belgium;BEL
59.268;1942;Mar;Average;Belgium;BEL
19.2657;1942;Apr;Average;Belgium;BEL
90.8891;1942;May;Average;Belgium;BEL
46.9629;1942;Jun;Average;Belgium;BEL
160.92;1942;Jul;Average;Belgium;BEL
58.5169;1942;Aug;Average;Belgium;BEL
68.423;1942;Sep;Average;Belgium;BEL
99.6258;1942;Oct;Average;Belgium;BEL
50.7697;1942;Nov;Average;Belgium;BEL
68.3946;1942;Dec;Average;Belgium;BEL
94.4453;1943;Jan;Average;Belgium;BEL
48.5933;1943;Feb;Average;Belgium;BEL
26.7152;1943;Mar;Average;Belgium;BEL
63.4379;1943;Apr;Average;Belgium;BEL
69.3174;1943;May;Average;Belgium;BEL
84.0404;1943;Jun;Average;Belgium;BEL
67.7383;1943;Jul;Average;Belgium;BEL
80.2815;1943;Aug;Average;Belgium;BEL
63.1099;1943;Sep;Average;Belgium;BEL
28.1652;1943;Oct;Average;Belgium;BEL
123.464;1943;Nov;Average;Belgium;BEL
46.9855;1943;Dec;Average;Belgium;BEL
82.0316;1944;Jan;Average;Belgium;BEL
50.7075;1944;Feb;Average;Belgium;BEL
33.2255;1944;Mar;Average;Belgium;BEL
33.6222;1944;Apr;Average;Belgium;BEL
28.918;1944;May;Average;Belgium;BEL
80.1033;1944;Jun;Average;Belgium;BEL
82.9694;1944;Jul;Average;Belgium;BEL
53.8925;1944;Aug;Average;Belgium;BEL
114.102;1944;Sep;Average;Belgium;BEL
114.265;1944;Oct;Average;Belgium;BEL
165.556;1944;Nov;Average;Belgium;BEL
87.8148;1944;Dec;Average;Belgium;BEL
66.1782;1945;Jan;Average;Belgium;BEL
74.9969;1945;Feb;Average;Belgium;BEL
39.8808;1945;Mar;Average;Belgium;BEL
55.6993;1945;Apr;Average;Belgium;BEL
96.1225;1945;May;Average;Belgium;BEL
55.2262;1945;Jun;Average;Belgium;BEL
48.8075;1945;Jul;Average;Belgium;BEL
117.558;1945;Aug;Average;Belgium;BEL
87.1466;1945;Sep;Average;Belgium;BEL
41.0175;1945;Oct;Average;Belgium;BEL
44.3509;1945;Nov;Average;Belgium;BEL
83.8415;1945;Dec;Average;Belgium;BEL
71.1518;1946;Jan;Average;Belgium;BEL
144.997;1946;Feb;Average;Belgium;BEL
40.5623;1946;Mar;Average;Belgium;BEL
48.4305;1946;Apr;Average;Belgium;BEL
72.9847;1946;May;Average;Belgium;BEL
94.7432;1946;Jun;Average;Belgium;BEL
55.4944;1946;Jul;Average;Belgium;BEL
84.0089;1946;Aug;Average;Belgium;BEL
82.1773;1946;Sep;Average;Belgium;BEL
55.4781;1946;Oct;Average;Belgium;BEL
56.2866;1946;Nov;Average;Belgium;BEL
71.6581;1946;Dec;Average;Belgium;BEL
32.8563;1947;Jan;Average;Belgium;BEL
29.4422;1947;Feb;Average;Belgium;BEL
106.06;1947;Mar;Average;Belgium;BEL
80.5699;1947;Apr;Average;Belgium;BEL
51.4299;1947;May;Average;Belgium;BEL
52.6655;1947;Jun;Average;Belgium;BEL
85.9453;1947;Jul;Average;Belgium;BEL
26.3275;1947;Aug;Average;Belgium;BEL
42.6207;1947;Sep;Average;Belgium;BEL
25.1295;1947;Oct;Average;Belgium;BEL
102.035;1947;Nov;Average;Belgium;BEL
120.696;1947;Dec;Average;Belgium;BEL
149.116;1948;Jan;Average;Belgium;BEL
51.3633;1948;Feb;Average;Belgium;BEL
34.9656;1948;Mar;Average;Belgium;BEL
84.6549;1948;Apr;Average;Belgium;BEL
57.3627;1948;May;Average;Belgium;BEL
97.219;1948;Jun;Average;Belgium;BEL
137.333;1948;Jul;Average;Belgium;BEL
103.549;1948;Aug;Average;Belgium;BEL
53.1235;1948;Sep;Average;Belgium;BEL
43.3436;1948;Oct;Average;Belgium;BEL
48.2482;1948;Nov;Average;Belgium;BEL
64.7718;1948;Dec;Average;Belgium;BEL
37.3789;1949;Jan;Average;Belgium;BEL
34.2122;1949;Feb;Average;Belgium;BEL
49.6276;1949;Mar;Average;Belgium;BEL
48.6942;1949;Apr;Average;Belgium;BEL
79.6883;1949;May;Average;Belgium;BEL
35.2333;1949;Jun;Average;Belgium;BEL
23.2526;1949;Jul;Average;Belgium;BEL
68.7238;1949;Aug;Average;Belgium;BEL
68.7362;1949;Sep;Average;Belgium;BEL
62.7218;1949;Oct;Average;Belgium;BEL
73.5174;1949;Nov;Average;Belgium;BEL
80.9854;1949;Dec;Average;Belgium;BEL
58.1194;1950;Jan;Average;Belgium;BEL
115.054;1950;Feb;Average;Belgium;BEL
24.3699;1950;Mar;Average;Belgium;BEL
90.084;1950;Apr;Average;Belgium;BEL
70.8335;1950;May;Average;Belgium;BEL
60.2805;1950;Jun;Average;Belgium;BEL
81.5694;1950;Jul;Average;Belgium;BEL
83.8841;1950;Aug;Average;Belgium;BEL
104.952;1950;Sep;Average;Belgium;BEL
36.5845;1950;Oct;Average;Belgium;BEL
138.276;1950;Nov;Average;Belgium;BEL
105.111;1950;Dec;Average;Belgium;BEL
97.7356;1951;Jan;Average;Belgium;BEL
53.8172;1951;Feb;Average;Belgium;BEL
99.6613;1951;Mar;Average;Belgium;BEL
79.092;1951;Apr;Average;Belgium;BEL
78.9406;1951;May;Average;Belgium;BEL
88.4862;1951;Jun;Average;Belgium;BEL
71.6541;1951;Jul;Average;Belgium;BEL
113.135;1951;Aug;Average;Belgium;BEL
80.7093;1951;Sep;Average;Belgium;BEL
22.0671;1951;Oct;Average;Belgium;BEL
118.5;1951;Nov;Average;Belgium;BEL
73.5898;1951;Dec;Average;Belgium;BEL
132.605;1952;Jan;Average;Belgium;BEL
74.2363;1952;Feb;Average;Belgium;BEL
80.9947;1952;Mar;Average;Belgium;BEL
20.0145;1952;Apr;Average;Belgium;BEL
45.3767;1952;May;Average;Belgium;BEL
42.1324;1952;Jun;Average;Belgium;BEL
73.6121;1952;Jul;Average;Belgium;BEL
113.938;1952;Aug;Average;Belgium;BEL
96.1965;1952;Sep;Average;Belgium;BEL
90.4664;1952;Oct;Average;Belgium;BEL
141.528;1952;Nov;Average;Belgium;BEL
131.326;1952;Dec;Average;Belgium;BEL
28.2489;1953;Jan;Average;Belgium;BEL
69.6359;1953;Feb;Average;Belgium;BEL
12.4128;1953;Mar;Average;Belgium;BEL
62.3518;1953;Apr;Average;Belgium;BEL
45.297;1953;May;Average;Belgium;BEL
97.5974;1953;Jun;Average;Belgium;BEL
99.0066;1953;Jul;Average;Belgium;BEL
65.3072;1953;Aug;Average;Belgium;BEL
53.9223;1953;Sep;Average;Belgium;BEL
18.3304;1953;Oct;Average;Belgium;BEL
20.2115;1953;Nov;Average;Belgium;BEL
38.5651;1953;Dec;Average;Belgium;BEL
68.526;1954;Jan;Average;Belgium;BEL
46.8139;1954;Feb;Average;Belgium;BEL
48.8905;1954;Mar;Average;Belgium;BEL
29.6725;1954;Apr;Average;Belgium;BEL
45.599;1954;May;Average;Belgium;BEL
76.7258;1954;Jun;Average;Belgium;BEL
107.559;1954;Jul;Average;Belgium;BEL
133.812;1954;Aug;Average;Belgium;BEL
103.879;1954;Sep;Average;Belgium;BEL
77.033;1954;Oct;Average;Belgium;BEL
58.673;1954;Nov;Average;Belgium;BEL
73.9598;1954;Dec;Average;Belgium;BEL
83.0182;1955;Jan;Average;Belgium;BEL
80.8655;1955;Feb;Average;Belgium;BEL
31.359;1955;Mar;Average;Belgium;BEL
20.9521;1955;Apr;Average;Belgium;BEL
96.0649;1955;May;Average;Belgium;BEL
62.0524;1955;Jun;Average;Belgium;BEL
45.2935;1955;Jul;Average;Belgium;BEL
47.1976;1955;Aug;Average;Belgium;BEL
69.2451;1955;Sep;Average;Belgium;BEL
53.9194;1955;Oct;Average;Belgium;BEL
34.4826;1955;Nov;Average;Belgium;BEL
100.495;1955;Dec;Average;Belgium;BEL
95.6853;1956;Jan;Average;Belgium;BEL
29.8739;1956;Feb;Average;Belgium;BEL
49.4829;1956;Mar;Average;Belgium;BEL
48.0218;1956;Apr;Average;Belgium;BEL
57.2277;1956;May;Average;Belgium;BEL
80.7064;1956;Jun;Average;Belgium;BEL
76.3371;1956;Jul;Average;Belgium;BEL
113.102;1956;Aug;Average;Belgium;BEL
68.8227;1956;Sep;Average;Belgium;BEL
115.462;1956;Oct;Average;Belgium;BEL
63.252;1956;Nov;Average;Belgium;BEL
52.3199;1956;Dec;Average;Belgium;BEL
54.5963;1957;Jan;Average;Belgium;BEL
132.302;1957;Feb;Average;Belgium;BEL
51.5182;1957;Mar;Average;Belgium;BEL
31.5715;1957;Apr;Average;Belgium;BEL
57.0212;1957;May;Average;Belgium;BEL
66.2386;1957;Jun;Average;Belgium;BEL
109.09;1957;Jul;Average;Belgium;BEL
110.788;1957;Aug;Average;Belgium;BEL
145.278;1957;Sep;Average;Belgium;BEL
43.0987;1957;Oct;Average;Belgium;BEL
43.7253;1957;Nov;Average;Belgium;BEL
46.1047;1957;Dec;Average;Belgium;BEL
89.3017;1958;Jan;Average;Belgium;BEL
128.619;1958;Feb;Average;Belgium;BEL
33.7995;1958;Mar;Average;Belgium;BEL
56.861;1958;Apr;Average;Belgium;BEL
89.0076;1958;May;Average;Belgium;BEL
76.7998;1958;Jun;Average;Belgium;BEL
84.0808;1958;Jul;Average;Belgium;BEL
109.377;1958;Aug;Average;Belgium;BEL
64.2298;1958;Sep;Average;Belgium;BEL
86.8365;1958;Oct;Average;Belgium;BEL
48.8883;1958;Nov;Average;Belgium;BEL
91.0854;1958;Dec;Average;Belgium;BEL
89.6412;1959;Jan;Average;Belgium;BEL
6.04514;1959;Feb;Average;Belgium;BEL
67.9775;1959;Mar;Average;Belgium;BEL
59.8239;1959;Apr;Average;Belgium;BEL
26.962;1959;May;Average;Belgium;BEL
40.9902;1959;Jun;Average;Belgium;BEL
53.6222;1959;Jul;Average;Belgium;BEL
48.9477;1959;Aug;Average;Belgium;BEL
6.44055;1959;Sep;Average;Belgium;BEL
65.2017;1959;Oct;Average;Belgium;BEL
46.0792;1959;Nov;Average;Belgium;BEL
89.354;1959;Dec;Average;Belgium;BEL
72.1052;1960;Jan;Average;Belgium;BEL
50.0217;1960;Feb;Average;Belgium;BEL
43.2563;1960;Mar;Average;Belgium;BEL
33.9223;1960;Apr;Average;Belgium;BEL
61.4893;1960;May;Average;Belgium;BEL
66.1363;1960;Jun;Average;Belgium;BEL
112.8;1960;Jul;Average;Belgium;BEL
111.369;1960;Aug;Average;Belgium;BEL
100.176;1960;Sep;Average;Belgium;BEL
118.793;1960;Oct;Average;Belgium;BEL
114.506;1960;Nov;Average;Belgium;BEL
88.4901;1960;Dec;Average;Belgium;BEL
115.902;1961;Jan;Average;Belgium;BEL
81.2844;1961;Feb;Average;Belgium;BEL
26.3124;1961;Mar;Average;Belgium;BEL
92.6022;1961;Apr;Average;Belgium;BEL
51.625;1961;May;Average;Belgium;BEL
81.4324;1961;Jun;Average;Belgium;BEL
85.5773;1961;Jul;Average;Belgium;BEL
53.9127;1961;Aug;Average;Belgium;BEL
67.8868;1961;Sep;Average;Belgium;BEL
126.586;1961;Oct;Average;Belgium;BEL
94.0674;1961;Nov;Average;Belgium;BEL
94.7745;1961;Dec;Average;Belgium;BEL
91.9251;1962;Jan;Average;Belgium;BEL
74.0185;1962;Feb;Average;Belgium;BEL
69.0357;1962;Mar;Average;Belgium;BEL
73.3435;1962;Apr;Average;Belgium;BEL
72.6826;1962;May;Average;Belgium;BEL
11.309;1962;Jun;Average;Belgium;BEL
92.8225;1962;Jul;Average;Belgium;BEL
76.4308;1962;Aug;Average;Belgium;BEL
68.2584;1962;Sep;Average;Belgium;BEL
42.5738;1962;Oct;Average;Belgium;BEL
48.3682;1962;Nov;Average;Belgium;BEL
103.963;1962;Dec;Average;Belgium;BEL
32.7515;1963;Jan;Average;Belgium;BEL
22.924;1963;Feb;Average;Belgium;BEL
62.5925;1963;Mar;Average;Belgium;BEL
39.7387;1963;Apr;Average;Belgium;BEL
72.0512;1963;May;Average;Belgium;BEL
116.911;1963;Jun;Average;Belgium;BEL
39.6273;1963;Jul;Average;Belgium;BEL
106.795;1963;Aug;Average;Belgium;BEL
46.3149;1963;Sep;Average;Belgium;BEL
67.545;1963;Oct;Average;Belgium;BEL
113.099;1963;Nov;Average;Belgium;BEL
15.2824;1963;Dec;Average;Belgium;BEL
27.7327;1964;Jan;Average;Belgium;BEL
32.4116;1964;Feb;Average;Belgium;BEL
53.3069;1964;Mar;Average;Belgium;BEL
47.3941;1964;Apr;Average;Belgium;BEL
40.0603;1964;May;Average;Belgium;BEL
80.4668;1964;Jun;Average;Belgium;BEL
38.2579;1964;Jul;Average;Belgium;BEL
63.7749;1964;Aug;Average;Belgium;BEL
67.2984;1964;Sep;Average;Belgium;BEL
111.396;1964;Oct;Average;Belgium;BEL
99.5495;1964;Nov;Average;Belgium;BEL
87.9569;1964;Dec;Average;Belgium;BEL
112.252;1965;Jan;Average;Belgium;BEL
28.9372;1965;Feb;Average;Belgium;BEL
59.7983;1965;Mar;Average;Belgium;BEL
95.0025;1965;Apr;Average;Belgium;BEL
95.788;1965;May;Average;Belgium;BEL
67.0566;1965;Jun;Average;Belgium;BEL
133.615;1965;Jul;Average;Belgium;BEL
101.958;1965;Aug;Average;Belgium;BEL
82.7228;1965;Sep;Average;Belgium;BEL
24.975;1965;Oct;Average;Belgium;BEL
98.8496;1965;Nov;Average;Belgium;BEL
191.069;1965;Dec;Average;Belgium;BEL
52.1321;1966;Jan;Average;Belgium;BEL
88.3406;1966;Feb;Average;Belgium;BEL
73.8519;1966;Mar;Average;Belgium;BEL
83.9525;1966;Apr;Average;Belgium;BEL
56.0927;1966;May;Average;Belgium;BEL
124.342;1966;Jun;Average;Belgium;BEL
111.832;1966;Jul;Average;Belgium;BEL
89.7451;1966;Aug;Average;Belgium;BEL
34.1141;1966;Sep;Average;Belgium;BEL
112.855;1966;Oct;Average;Belgium;BEL
116.293;1966;Nov;Average;Belgium;BEL
169.823;1966;Dec;Average;Belgium;BEL
44.7488;1967;Jan;Average;Belgium;BEL
61.7035;1967;Feb;Average;Belgium;BEL
57.953;1967;Mar;Average;Belgium;BEL
44.5939;1967;Apr;Average;Belgium;BEL
76.2112;1967;May;Average;Belgium;BEL
40.377;1967;Jun;Average;Belgium;BEL
46.2149;1967;Jul;Average;Belgium;BEL
70.6273;1967;Aug;Average;Belgium;BEL
78.71;1967;Sep;Average;Belgium;BEL
93.9596;1967;Oct;Average;Belgium;BEL
77.6469;1967;Nov;Average;Belgium;BEL
103.982;1967;Dec;Average;Belgium;BEL
92.1095;1968;Jan;Average;Belgium;BEL
61.888;1968;Feb;Average;Belgium;BEL
56.6965;1968;Mar;Average;Belgium;BEL
26.3038;1968;Apr;Average;Belgium;BEL
53.0923;1968;May;Average;Belgium;BEL
60.5628;1968;Jun;Average;Belgium;BEL
106.232;1968;Jul;Average;Belgium;BEL
96.5727;1968;Aug;Average;Belgium;BEL
115.294;1968;Sep;Average;Belgium;BEL
54.301;1968;Oct;Average;Belgium;BEL
34.0554;1968;Nov;Average;Belgium;BEL
53.2573;1968;Dec;Average;Belgium;BEL
46.5634;1969;Jan;Average;Belgium;BEL
69.7363;1969;Feb;Average;Belgium;BEL
62.112;1969;Mar;Average;Belgium;BEL
68.7577;1969;Apr;Average;Belgium;BEL
84.9127;1969;May;Average;Belgium;BEL
82.0885;1969;Jun;Average;Belgium;BEL
64.7329;1969;Jul;Average;Belgium;BEL
129.108;1969;Aug;Average;Belgium;BEL
20.4968;1969;Sep;Average;Belgium;BEL
8.57803;1969;Oct;Average;Belgium;BEL
110.927;1969;Nov;Average;Belgium;BEL
47.8235;1969;Dec;Average;Belgium;BEL
56.956;1970;Jan;Average;Belgium;BEL
128.552;1970;Feb;Average;Belgium;BEL
83.5758;1970;Mar;Average;Belgium;BEL
87.108;1970;Apr;Average;Belgium;BEL
53.5375;1970;May;Average;Belgium;BEL
42.9177;1970;Jun;Average;Belgium;BEL
88.8693;1970;Jul;Average;Belgium;BEL
57.2845;1970;Aug;Average;Belgium;BEL
64.6061;1970;Sep;Average;Belgium;BEL
71.1299;1970;Oct;Average;Belgium;BEL
77.5038;1970;Nov;Average;Belgium;BEL
40.3856;1970;Dec;Average;Belgium;BEL
62.8027;1971;Jan;Average;Belgium;BEL
43.0237;1971;Feb;Average;Belgium;BEL
38.3265;1971;Mar;Average;Belgium;BEL
29.6853;1971;Apr;Average;Belgium;BEL
82.9311;1971;May;Average;Belgium;BEL
118.502;1971;Jun;Average;Belgium;BEL
38.5488;1971;Jul;Average;Belgium;BEL
59.9165;1971;Aug;Average;Belgium;BEL
20.7243;1971;Sep;Average;Belgium;BEL
29.6455;1971;Oct;Average;Belgium;BEL
103.857;1971;Nov;Average;Belgium;BEL
19.6227;1971;Dec;Average;Belgium;BEL
53.0428;1972;Jan;Average;Belgium;BEL
33.5344;1972;Feb;Average;Belgium;BEL
50.7673;1972;Mar;Average;Belgium;BEL
73.6038;1972;Apr;Average;Belgium;BEL
94.363;1972;May;Average;Belgium;BEL
67.2634;1972;Jun;Average;Belgium;BEL
95.4139;1972;Jul;Average;Belgium;BEL
72.7389;1972;Aug;Average;Belgium;BEL
62.6468;1972;Sep;Average;Belgium;BEL
29.7026;1972;Oct;Average;Belgium;BEL
88.8936;1972;Nov;Average;Belgium;BEL
28.8096;1972;Dec;Average;Belgium;BEL
31.9191;1973;Jan;Average;Belgium;BEL
66.4496;1973;Feb;Average;Belgium;BEL
18.9514;1973;Mar;Average;Belgium;BEL
71.9589;1973;Apr;Average;Belgium;BEL
91.2249;1973;May;Average;Belgium;BEL
38.6386;1973;Jun;Average;Belgium;BEL
74.8288;1973;Jul;Average;Belgium;BEL
29.5137;1973;Aug;Average;Belgium;BEL
77.1916;1973;Sep;Average;Belgium;BEL
70.6724;1973;Oct;Average;Belgium;BEL
74.3949;1973;Nov;Average;Belgium;BEL
71.0644;1973;Dec;Average;Belgium;BEL
66.2111;1974;Jan;Average;Belgium;BEL
55.5282;1974;Feb;Average;Belgium;BEL
65.2048;1974;Mar;Average;Belgium;BEL
21.8656;1974;Apr;Average;Belgium;BEL
44.1719;1974;May;Average;Belgium;BEL
74.3432;1974;Jun;Average;Belgium;BEL
79.0988;1974;Jul;Average;Belgium;BEL
78.0266;1974;Aug;Average;Belgium;BEL
140.465;1974;Sep;Average;Belgium;BEL
171.282;1974;Oct;Average;Belgium;BEL
126.569;1974;Nov;Average;Belgium;BEL
112.496;1974;Dec;Average;Belgium;BEL
81.9469;1975;Jan;Average;Belgium;BEL
19.8727;1975;Feb;Average;Belgium;BEL
105.822;1975;Mar;Average;Belgium;BEL
58.5837;1975;Apr;Average;Belgium;BEL
33.0582;1975;May;Average;Belgium;BEL
55.6262;1975;Jun;Average;Belgium;BEL
64.3773;1975;Jul;Average;Belgium;BEL
67.334;1975;Aug;Average;Belgium;BEL
84.4357;1975;Sep;Average;Belgium;BEL
17.1328;1975;Oct;Average;Belgium;BEL
108.058;1975;Nov;Average;Belgium;BEL
34.8188;1975;Dec;Average;Belgium;BEL
71.4051;1976;Jan;Average;Belgium;BEL
34.2139;1976;Feb;Average;Belgium;BEL
30.6171;1976;Mar;Average;Belgium;BEL
15.5238;1976;Apr;Average;Belgium;BEL
36.5159;1976;May;Average;Belgium;BEL
14.0125;1976;Jun;Average;Belgium;BEL
60.7818;1976;Jul;Average;Belgium;BEL
15.7756;1976;Aug;Average;Belgium;BEL
72.8989;1976;Sep;Average;Belgium;BEL
54.3753;1976;Oct;Average;Belgium;BEL
98.8728;1976;Nov;Average;Belgium;BEL
53.9316;1976;Dec;Average;Belgium;BEL
73.6566;1977;Jan;Average;Belgium;BEL
95.526;1977;Feb;Average;Belgium;BEL
62.1399;1977;Mar;Average;Belgium;BEL
77.1603;1977;Apr;Average;Belgium;BEL
57.9456;1977;May;Average;Belgium;BEL
99.7399;1977;Jun;Average;Belgium;BEL
71.0529;1977;Jul;Average;Belgium;BEL
80.55;1977;Aug;Average;Belgium;BEL
26.4622;1977;Sep;Average;Belgium;BEL
43.0059;1977;Oct;Average;Belgium;BEL
137.083;1977;Nov;Average;Belgium;BEL
62.1914;1977;Dec;Average;Belgium;BEL
64.1734;1978;Jan;Average;Belgium;BEL
38.6782;1978;Feb;Average;Belgium;BEL
100.34;1978;Mar;Average;Belgium;BEL
43.1179;1978;Apr;Average;Belgium;BEL
82.7565;1978;May;Average;Belgium;BEL
89.267;1978;Jun;Average;Belgium;BEL
76.5389;1978;Jul;Average;Belgium;BEL
39.781;1978;Aug;Average;Belgium;BEL
60.1411;1978;Sep;Average;Belgium;BEL
25.8797;1978;Oct;Average;Belgium;BEL
27.9398;1978;Nov;Average;Belgium;BEL
120.489;1978;Dec;Average;Belgium;BEL
58.0825;1979;Jan;Average;Belgium;BEL
57.082;1979;Feb;Average;Belgium;BEL
131.572;1979;Mar;Average;Belgium;BEL
71.2947;1979;Apr;Average;Belgium;BEL
88.5044;1979;May;Average;Belgium;BEL
60.2744;1979;Jun;Average;Belgium;BEL
34.2793;1979;Jul;Average;Belgium;BEL
86.3846;1979;Aug;Average;Belgium;BEL
23.3657;1979;Sep;Average;Belgium;BEL
58.9153;1979;Oct;Average;Belgium;BEL
109.416;1979;Nov;Average;Belgium;BEL
138.806;1979;Dec;Average;Belgium;BEL
55.39;1980;Jan;Average;Belgium;BEL
61.2407;1980;Feb;Average;Belgium;BEL
87.6429;1980;Mar;Average;Belgium;BEL
44.8134;1980;Apr;Average;Belgium;BEL
57.3092;1980;May;Average;Belgium;BEL
99.9553;1980;Jun;Average;Belgium;BEL
176.095;1980;Jul;Average;Belgium;BEL
65.2745;1980;Aug;Average;Belgium;BEL
31.4025;1980;Sep;Average;Belgium;BEL
95.0766;1980;Oct;Average;Belgium;BEL
63.2532;1980;Nov;Average;Belgium;BEL
93.2946;1980;Dec;Average;Belgium;BEL
106.699;1981;Jan;Average;Belgium;BEL
43.2336;1981;Feb;Average;Belgium;BEL
107.613;1981;Mar;Average;Belgium;BEL
42.353;1981;Apr;Average;Belgium;BEL
90.4367;1981;May;Average;Belgium;BEL
121.627;1981;Jun;Average;Belgium;BEL
67.3519;1981;Jul;Average;Belgium;BEL
55.3786;1981;Aug;Average;Belgium;BEL
73.9605;1981;Sep;Average;Belgium;BEL
155.571;1981;Oct;Average;Belgium;BEL
78.3883;1981;Nov;Average;Belgium;BEL
116.713;1981;Dec;Average;Belgium;BEL
70.7623;1982;Jan;Average;Belgium;BEL
18.1431;1982;Feb;Average;Belgium;BEL
70.1029;1982;Mar;Average;Belgium;BEL
38.9702;1982;Apr;Average;Belgium;BEL
77.6858;1982;May;Average;Belgium;BEL
106.935;1982;Jun;Average;Belgium;BEL
44.2896;1982;Jul;Average;Belgium;BEL
66.3597;1982;Aug;Average;Belgium;BEL
55.944;1982;Sep;Average;Belgium;BEL
141.773;1982;Oct;Average;Belgium;BEL
74.3987;1982;Nov;Average;Belgium;BEL
100.52;1982;Dec;Average;Belgium;BEL
92.3689;1983;Jan;Average;Belgium;BEL
58.2619;1983;Feb;Average;Belgium;BEL
78.6111;1983;Mar;Average;Belgium;BEL
94.9736;1983;Apr;Average;Belgium;BEL
124.215;1983;May;Average;Belgium;BEL
85.2675;1983;Jun;Average;Belgium;BEL
39.2297;1983;Jul;Average;Belgium;BEL
28.4804;1983;Aug;Average;Belgium;BEL
76.8851;1983;Sep;Average;Belgium;BEL
45.3107;1983;Oct;Average;Belgium;BEL
65.877;1983;Nov;Average;Belgium;BEL
55.6688;1983;Dec;Average;Belgium;BEL
143.179;1984;Jan;Average;Belgium;BEL
86.6275;1984;Feb;Average;Belgium;BEL
51.9375;1984;Mar;Average;Belgium;BEL
27.6966;1984;Apr;Average;Belgium;BEL
120.148;1984;May;Average;Belgium;BEL
46.4287;1984;Jun;Average;Belgium;BEL
55.6179;1984;Jul;Average;Belgium;BEL
33.4388;1984;Aug;Average;Belgium;BEL
160.31;1984;Sep;Average;Belgium;BEL
111.777;1984;Oct;Average;Belgium;BEL
84.9281;1984;Nov;Average;Belgium;BEL
43.3853;1984;Dec;Average;Belgium;BEL
71.6963;1985;Jan;Average;Belgium;BEL
20.5636;1985;Feb;Average;Belgium;BEL
80.4413;1985;Mar;Average;Belgium;BEL
85.2953;1985;Apr;Average;Belgium;BEL
60.6152;1985;May;Average;Belgium;BEL
112.553;1985;Jun;Average;Belgium;BEL
66.0541;1985;Jul;Average;Belgium;BEL
70.5574;1985;Aug;Average;Belgium;BEL
37.8754;1985;Sep;Average;Belgium;BEL
22.9776;1985;Oct;Average;Belgium;BEL
70.9074;1985;Nov;Average;Belgium;BEL
71.1749;1985;Dec;Average;Belgium;BEL
129.492;1986;Jan;Average;Belgium;BEL
6.98305;1986;Feb;Average;Belgium;BEL
114.391;1986;Mar;Average;Belgium;BEL
68.5622;1986;Apr;Average;Belgium;BEL
58.3928;1986;May;Average;Belgium;BEL
83.6659;1986;Jun;Average;Belgium;BEL
47.2003;1986;Jul;Average;Belgium;BEL
75.089;1986;Aug;Average;Belgium;BEL
70.0959;1986;Sep;Average;Belgium;BEL
110.289;1986;Oct;Average;Belgium;BEL
70.5691;1986;Nov;Average;Belgium;BEL
103.606;1986;Dec;Average;Belgium;BEL
44.664;1987;Jan;Average;Belgium;BEL
71.7366;1987;Feb;Average;Belgium;BEL
97.0507;1987;Mar;Average;Belgium;BEL
33.5421;1987;Apr;Average;Belgium;BEL
83.4201;1987;May;Average;Belgium;BEL
124.075;1987;Jun;Average;Belgium;BEL
123.376;1987;Jul;Average;Belgium;BEL
81.6746;1987;Aug;Average;Belgium;BEL
66.0654;1987;Sep;Average;Belgium;BEL
109.244;1987;Oct;Average;Belgium;BEL
105.216;1987;Nov;Average;Belgium;BEL
32.4212;1987;Dec;Average;Belgium;BEL
135.484;1988;Jan;Average;Belgium;BEL
101.803;1988;Feb;Average;Belgium;BEL
146.19;1988;Mar;Average;Belgium;BEL
22.6227;1988;Apr;Average;Belgium;BEL
91.6145;1988;May;Average;Belgium;BEL
31.5436;1988;Jun;Average;Belgium;BEL
131.39;1988;Jul;Average;Belgium;BEL
52.8221;1988;Aug;Average;Belgium;BEL
79.0016;1988;Sep;Average;Belgium;BEL
88.2357;1988;Oct;Average;Belgium;BEL
55.4565;1988;Nov;Average;Belgium;BEL
89.4377;1988;Dec;Average;Belgium;BEL
33.7589;1989;Jan;Average;Belgium;BEL
62.3173;1989;Feb;Average;Belgium;BEL
87.6147;1989;Mar;Average;Belgium;BEL
113.062;1989;Apr;Average;Belgium;BEL
24.9319;1989;May;Average;Belgium;BEL
67.6525;1989;Jun;Average;Belgium;BEL
44.4036;1989;Jul;Average;Belgium;BEL
49.0666;1989;Aug;Average;Belgium;BEL
61.5884;1989;Sep;Average;Belgium;BEL
77.9808;1989;Oct;Average;Belgium;BEL
31.7439;1989;Nov;Average;Belgium;BEL
106.825;1989;Dec;Average;Belgium;BEL
66.102;1990;Jan;Average;Belgium;BEL
108.668;1990;Feb;Average;Belgium;BEL
28.1148;1990;Mar;Average;Belgium;BEL
54.0856;1990;Apr;Average;Belgium;BEL
20.7474;1990;May;Average;Belgium;BEL
97.1315;1990;Jun;Average;Belgium;BEL
35.1978;1990;Jul;Average;Belgium;BEL
64.9098;1990;Aug;Average;Belgium;BEL
62.4678;1990;Sep;Average;Belgium;BEL
71.7128;1990;Oct;Average;Belgium;BEL
76.7794;1990;Nov;Average;Belgium;BEL
98.2554;1990;Dec;Average;Belgium;BEL
80.0059;1991;Jan;Average;Belgium;BEL
31.0636;1991;Feb;Average;Belgium;BEL
39.5761;1991;Mar;Average;Belgium;BEL
54.6013;1991;Apr;Average;Belgium;BEL
27.1569;1991;May;Average;Belgium;BEL
106.52;1991;Jun;Average;Belgium;BEL
95.8467;1991;Jul;Average;Belgium;BEL
16.5234;1991;Aug;Average;Belgium;BEL
55.9741;1991;Sep;Average;Belgium;BEL
45.0751;1991;Oct;Average;Belgium;BEL
133.993;1991;Nov;Average;Belgium;BEL
68.6794;1991;Dec;Average;Belgium;BEL
30.399;1992;Jan;Average;Belgium;BEL
38.8439;1992;Feb;Average;Belgium;BEL
89.4756;1992;Mar;Average;Belgium;BEL
56.3691;1992;Apr;Average;Belgium;BEL
51.372;1992;May;Average;Belgium;BEL
96.2074;1992;Jun;Average;Belgium;BEL
80.0288;1992;Jul;Average;Belgium;BEL
115.756;1992;Aug;Average;Belgium;BEL
48.8116;1992;Sep;Average;Belgium;BEL
94.9593;1992;Oct;Average;Belgium;BEL
103.794;1992;Nov;Average;Belgium;BEL
73.4038;1992;Dec;Average;Belgium;BEL
97.8052;1993;Jan;Average;Belgium;BEL
26.5342;1993;Feb;Average;Belgium;BEL
8.55653;1993;Mar;Average;Belgium;BEL
48.34;1993;Apr;Average;Belgium;BEL
76.3599;1993;May;Average;Belgium;BEL
57.8767;1993;Jun;Average;Belgium;BEL
118.34;1993;Jul;Average;Belgium;BEL
34.749;1993;Aug;Average;Belgium;BEL
130.784;1993;Sep;Average;Belgium;BEL
90.4942;1993;Oct;Average;Belgium;BEL
49.7856;1993;Nov;Average;Belgium;BEL
191.497;1993;Dec;Average;Belgium;BEL
100.628;1994;Jan;Average;Belgium;BEL
41.4704;1994;Feb;Average;Belgium;BEL
85.0352;1994;Mar;Average;Belgium;BEL
66.8386;1994;Apr;Average;Belgium;BEL
79.476;1994;May;Average;Belgium;BEL
55.9798;1994;Jun;Average;Belgium;BEL
48.7663;1994;Jul;Average;Belgium;BEL
67.726;1994;Aug;Average;Belgium;BEL
117.76;1994;Sep;Average;Belgium;BEL
76.4668;1994;Oct;Average;Belgium;BEL
45.0552;1994;Nov;Average;Belgium;BEL
107.693;1994;Dec;Average;Belgium;BEL
157.077;1995;Jan;Average;Belgium;BEL
98.7504;1995;Feb;Average;Belgium;BEL
85.9737;1995;Mar;Average;Belgium;BEL
47.8529;1995;Apr;Average;Belgium;BEL
54.2766;1995;May;Average;Belgium;BEL
57.6107;1995;Jun;Average;Belgium;BEL
55.3122;1995;Jul;Average;Belgium;BEL
31.5944;1995;Aug;Average;Belgium;BEL
96.4938;1995;Sep;Average;Belgium;BEL
25.8594;1995;Oct;Average;Belgium;BEL
44.9331;1995;Nov;Average;Belgium;BEL
63.253;1995;Dec;Average;Belgium;BEL
14.5813;1996;Jan;Average;Belgium;BEL
66.8887;1996;Feb;Average;Belgium;BEL
24.3381;1996;Mar;Average;Belgium;BEL
7.90222;1996;Apr;Average;Belgium;BEL
77.5686;1996;May;Average;Belgium;BEL
27.4932;1996;Jun;Average;Belgium;BEL
46.6947;1996;Jul;Average;Belgium;BEL
99.2917;1996;Aug;Average;Belgium;BEL
42.4868;1996;Sep;Average;Belgium;BEL
66.8134;1996;Oct;Average;Belgium;BEL
117.945;1996;Nov;Average;Belgium;BEL
43.8983;1996;Dec;Average;Belgium;BEL
10.1851;1997;Jan;Average;Belgium;BEL
97.0374;1997;Feb;Average;Belgium;BEL
28.5528;1997;Mar;Average;Belgium;BEL
30.9063;1997;Apr;Average;Belgium;BEL
94.7371;1997;May;Average;Belgium;BEL
126.91;1997;Jun;Average;Belgium;BEL
62.0991;1997;Jul;Average;Belgium;BEL
52.9485;1997;Aug;Average;Belgium;BEL
22.1603;1997;Sep;Average;Belgium;BEL
83.5908;1997;Oct;Average;Belgium;BEL
83.033;1997;Nov;Average;Belgium;BEL
89.2843;1997;Dec;Average;Belgium;BEL
80.3103;1998;Jan;Average;Belgium;BEL
14.9442;1998;Feb;Average;Belgium;BEL
77.0793;1998;Mar;Average;Belgium;BEL
109.327;1998;Apr;Average;Belgium;BEL
45.3084;1998;May;Average;Belgium;BEL
108.442;1998;Jun;Average;Belgium;BEL
53.5932;1998;Jul;Average;Belgium;BEL
49.3356;1998;Aug;Average;Belgium;BEL
128.815;1998;Sep;Average;Belgium;BEL
164.706;1998;Oct;Average;Belgium;BEL
91.067;1998;Nov;Average;Belgium;BEL
75.0197;1998;Dec;Average;Belgium;BEL
100.221;1999;Jan;Average;Belgium;BEL
71.2219;1999;Feb;Average;Belgium;BEL
82.3445;1999;Mar;Average;Belgium;BEL
66.8001;1999;Apr;Average;Belgium;BEL
51.0547;1999;May;Average;Belgium;BEL
87.1192;1999;Jun;Average;Belgium;BEL
44.6536;1999;Jul;Average;Belgium;BEL
90.4593;1999;Aug;Average;Belgium;BEL
68.7938;1999;Sep;Average;Belgium;BEL
63.1907;1999;Oct;Average;Belgium;BEL
50.8153;1999;Nov;Average;Belgium;BEL
176.164;1999;Dec;Average;Belgium;BEL
47.2414;2000;Jan;Average;Belgium;BEL
94.3062;2000;Feb;Average;Belgium;BEL
63.0269;2000;Mar;Average;Belgium;BEL
64.8855;2000;Apr;Average;Belgium;BEL
96.8265;2000;May;Average;Belgium;BEL
41.4755;2000;Jun;Average;Belgium;BEL
150.477;2000;Jul;Average;Belgium;BEL
51.1731;2000;Aug;Average;Belgium;BEL
88.749;2000;Sep;Average;Belgium;BEL
114.19;2000;Oct;Average;Belgium;BEL
112.845;2000;Nov;Average;Belgium;BEL
79.6613;2000;Dec;Average;Belgium;BEL
97.6076;2001;Jan;Average;Belgium;BEL
84.6816;2001;Feb;Average;Belgium;BEL
128.324;2001;Mar;Average;Belgium;BEL
109.592;2001;Apr;Average;Belgium;BEL
29.0985;2001;May;Average;Belgium;BEL
55.7071;2001;Jun;Average;Belgium;BEL
94.8217;2001;Jul;Average;Belgium;BEL
70.1472;2001;Aug;Average;Belgium;BEL
152.596;2001;Sep;Average;Belgium;BEL
62.915;2001;Oct;Average;Belgium;BEL
103.308;2001;Nov;Average;Belgium;BEL
68.428;2001;Dec;Average;Belgium;BEL
61.0903;2002;Jan;Average;Belgium;BEL
134.556;2002;Feb;Average;Belgium;BEL
64.4001;2002;Mar;Average;Belgium;BEL
45.6596;2002;Apr;Average;Belgium;BEL
61.7304;2002;May;Average;Belgium;BEL
64.1687;2002;Jun;Average;Belgium;BEL
92.2761;2002;Jul;Average;Belgium;BEL
112.58;2002;Aug;Average;Belgium;BEL
40.8535;2002;Sep;Average;Belgium;BEL
95.5885;2002;Oct;Average;Belgium;BEL
115.115;2002;Nov;Average;Belgium;BEL
108.964;2002;Dec;Average;Belgium;BEL
100.212;2003;Jan;Average;Belgium;BEL
25.8197;2003;Feb;Average;Belgium;BEL
37.2295;2003;Mar;Average;Belgium;BEL
50.3282;2003;Apr;Average;Belgium;BEL
86.7336;2003;May;Average;Belgium;BEL
48.9324;2003;Jun;Average;Belgium;BEL
55.2892;2003;Jul;Average;Belgium;BEL
41.9218;2003;Aug;Average;Belgium;BEL
39.6423;2003;Sep;Average;Belgium;BEL
80.1442;2003;Oct;Average;Belgium;BEL
59.0045;2003;Nov;Average;Belgium;BEL
73.9084;2003;Dec;Average;Belgium;BEL
131.272;2004;Jan;Average;Belgium;BEL
53.3952;2004;Feb;Average;Belgium;BEL
34.7624;2004;Mar;Average;Belgium;BEL
50.772;2004;Apr;Average;Belgium;BEL
49.0659;2004;May;Average;Belgium;BEL
61.8356;2004;Jun;Average;Belgium;BEL
97.8329;2004;Jul;Average;Belgium;BEL
118.878;2004;Aug;Average;Belgium;BEL
56.3731;2004;Sep;Average;Belgium;BEL
66.6567;2004;Oct;Average;Belgium;BEL
70.1143;2004;Nov;Average;Belgium;BEL
60.3219;2004;Dec;Average;Belgium;BEL
58.8286;2005;Jan;Average;Belgium;BEL
75.1013;2005;Feb;Average;Belgium;BEL
43.0457;2005;Mar;Average;Belgium;BEL
62.2386;2005;Apr;Average;Belgium;BEL
63.8737;2005;May;Average;Belgium;BEL
51.1773;2005;Jun;Average;Belgium;BEL
131.559;2005;Jul;Average;Belgium;BEL
85.5092;2005;Aug;Average;Belgium;BEL
55.3967;2005;Sep;Average;Belgium;BEL
60.9178;2005;Oct;Average;Belgium;BEL
71.033;2005;Nov;Average;Belgium;BEL
65.5433;2005;Dec;Average;Belgium;BEL
25.4062;2006;Jan;Average;Belgium;BEL
75.0657;2006;Feb;Average;Belgium;BEL
80.0507;2006;Mar;Average;Belgium;BEL
43.8184;2006;Apr;Average;Belgium;BEL
125.159;2006;May;Average;Belgium;BEL
43.9116;2006;Jun;Average;Belgium;BEL
35.8838;2006;Jul;Average;Belgium;BEL
161.802;2006;Aug;Average;Belgium;BEL
24.7022;2006;Sep;Average;Belgium;BEL
79.369;2006;Oct;Average;Belgium;BEL
79.0139;2006;Nov;Average;Belgium;BEL
87.0134;2006;Dec;Average;Belgium;BEL
86.0087;2007;Jan;Average;Belgium;BEL
103.33;2007;Feb;Average;Belgium;BEL
73.9095;2007;Mar;Average;Belgium;BEL
1.83915;2007;Apr;Average;Belgium;BEL
100.568;2007;May;Average;Belgium;BEL
111.776;2007;Jun;Average;Belgium;BEL
126.6;2007;Jul;Average;Belgium;BEL
85.1741;2007;Aug;Average;Belgium;BEL
64.8554;2007;Sep;Average;Belgium;BEL
47.6844;2007;Oct;Average;Belgium;BEL
67.2106;2007;Nov;Average;Belgium;BEL
83.0783;2007;Dec;Average;Belgium;BEL
77.5514;2008;Jan;Average;Belgium;BEL
48.6659;2008;Feb;Average;Belgium;BEL
123.928;2008;Mar;Average;Belgium;BEL
55.2532;2008;Apr;Average;Belgium;BEL
53.2047;2008;May;Average;Belgium;BEL
76.1237;2008;Jun;Average;Belgium;BEL
99.5555;2008;Jul;Average;Belgium;BEL
94.4905;2008;Aug;Average;Belgium;BEL
78.5732;2008;Sep;Average;Belgium;BEL
80.43;2008;Oct;Average;Belgium;BEL
66.6976;2008;Nov;Average;Belgium;BEL
48.5964;2008;Dec;Average;Belgium;BEL
62.9136;2009;Jan;Average;Belgium;BEL
61.4348;2009;Feb;Average;Belgium;BEL
67.3265;2009;Mar;Average;Belgium;BEL
44.9894;2009;Apr;Average;Belgium;BEL
54.9365;2009;May;Average;Belgium;BEL
76.0675;2009;Jun;Average;Belgium;BEL
94.4375;2009;Jul;Average;Belgium;BEL
32.6136;2009;Aug;Average;Belgium;BEL
32.628;2009;Sep;Average;Belgium;BEL
82.6336;2009;Oct;Average;Belgium;BEL
136.26;2009;Nov;Average;Belgium;BEL
100.779;2009;Dec;Average;Belgium;BEL
49.0015;2010;Jan;Average;Belgium;BEL
79.203;2010;Feb;Average;Belgium;BEL
53.1007;2010;Mar;Average;Belgium;BEL
21.6039;2010;Apr;Average;Belgium;BEL
72.6067;2010;May;Average;Belgium;BEL
43.3709;2010;Jun;Average;Belgium;BEL
62.5595;2010;Jul;Average;Belgium;BEL
147.157;2010;Aug;Average;Belgium;BEL
85.3729;2010;Sep;Average;Belgium;BEL
67.7923;2010;Oct;Average;Belgium;BEL
120.366;2010;Nov;Average;Belgium;BEL
78.4813;2010;Dec;Average;Belgium;BEL
87.492;2011;Jan;Average;Belgium;BEL
50.2132;2011;Feb;Average;Belgium;BEL
20.2709;2011;Mar;Average;Belgium;BEL
19.2119;2011;Apr;Average;Belgium;BEL
24.7172;2011;May;Average;Belgium;BEL
89.4698;2011;Jun;Average;Belgium;BEL
86.3866;2011;Jul;Average;Belgium;BEL
105.262;2011;Aug;Average;Belgium;BEL
57.4662;2011;Sep;Average;Belgium;BEL
47.3348;2011;Oct;Average;Belgium;BEL
12.2782;2011;Nov;Average;Belgium;BEL
167.775;2011;Dec;Average;Belgium;BEL
90.6859;2012;Jan;Average;Belgium;BEL
21.7675;2012;Feb;Average;Belgium;BEL
33.6015;2012;Mar;Average;Belgium;BEL
84.4181;2012;Apr;Average;Belgium;BEL
65.6237;2012;May;Average;Belgium;BEL
117.149;2012;Jun;Average;Belgium;BEL
126.691;2012;Jul;Average;Belgium;BEL
39.7081;2012;Aug;Average;Belgium;BEL
50.652;2012;Sep;Average;Belgium;BEL
124.218;2012;Oct;Average;Belgium;BEL
63.3316;2012;Nov;Average;Belgium;BEL
154.307;2012;Dec;Average;Belgium;BEL
56.2529;2013;Jan;Average;Belgium;BEL
52.1939;2013;Feb;Average;Belgium;BEL
52.3423;2013;Mar;Average;Belgium;BEL
38.23;2013;Apr;Average;Belgium;BEL
109.151;2013;May;Average;Belgium;BEL
66.6846;2013;Jun;Average;Belgium;BEL
57.992;2013;Jul;Average;Belgium;BEL
41.163;2013;Aug;Average;Belgium;BEL
82.9372;2013;Sep;Average;Belgium;BEL
115.505;2013;Oct;Average;Belgium;BEL
109.871;2013;Nov;Average;Belgium;BEL
70.2684;2013;Dec;Average;Belgium;BEL
77.887;2014;Jan;Average;Belgium;BEL
72.5863;2014;Feb;Average;Belgium;BEL
22.2889;2014;Mar;Average;Belgium;BEL
31.9907;2014;Apr;Average;Belgium;BEL
79.4271;2014;May;Average;Belgium;BEL
65.3565;2014;Jun;Average;Belgium;BEL
132.268;2014;Jul;Average;Belgium;BEL
132.469;2014;Aug;Average;Belgium;BEL
28.8059;2014;Sep;Average;Belgium;BEL
77.2558;2014;Oct;Average;Belgium;BEL
58.7168;2014;Nov;Average;Belgium;BEL
85.0292;2014;Dec;Average;Belgium;BEL
109.535;2015;Jan;Average;Belgium;BEL
59.1961;2015;Feb;Average;Belgium;BEL
51.5692;2015;Mar;Average;Belgium;BEL
38.8365;2015;Apr;Average;Belgium;BEL
51.7662;2015;May;Average;Belgium;BEL
43.3678;2015;Jun;Average;Belgium;BEL
59.4425;2015;Jul;Average;Belgium;BEL
106.458;2015;Aug;Average;Belgium;BEL
91.5596;2015;Sep;Average;Belgium;BEL
42.0002;2015;Oct;Average;Belgium;BEL
109.158;2015;Nov;Average;Belgium;BEL
50.4251;2015;Dec;Average;Belgium;BEL
115.025;2016;Jan;Average;Belgium;BEL
94.2528;2016;Feb;Average;Belgium;BEL
72.1876;2016;Mar;Average;Belgium;BEL
70.1529;2016;Apr;Average;Belgium;BEL
90.7029;2016;May;Average;Belgium;BEL
133.454;2016;Jun;Average;Belgium;BEL
58.3766;2016;Jul;Average;Belgium;BEL
45.1662;2016;Aug;Average;Belgium;BEL
43.8662;2016;Sep;Average;Belgium;BEL
56.2583;2016;Oct;Average;Belgium;BEL
78.4497;2016;Nov;Average;Belgium;BEL
21.6115;2016;Dec;Average;Belgium;BEL
